Programming,Statistics,Mathematics,AI_ML,Databases,Frontend,Backend,Networking,Cloud,Cybersecurity,UI_UX,DevOps,Communication,Creativity,Problem_Solving,Career
0.58,0.14,0.46,0.2,0.38,0.07,0.37,0.89,0.56,0.99,0.28,0.29,0.69,0.48,0.9,Cybersecurity Analyst
1.0,0.78,0.84,1.0,0.63,0.18,0.61,0.22,0.61,0.08,0.25,0.48,0.58,0.64,1.0,Machine Learning Engineer
0.87,0.05,0.15,0.21,0.49,0.91,0.34,0.0,0.1,0.16,0.93,0.11,0.8,0.93,0.89,Frontend Developer
0.84,0.32,0.55,0.22,0.99,0.33,1.0,0.57,0.51,0.26,0.0,0.3,0.5,0.56,0.89,Backend Developer
0.85,0.96,0.71,0.81,0.74,0.0,0.52,0.27,0.66,0.0,0.12,0.48,0.75,0.77,1.0,Machine Learning Engineer
0.54,0.33,0.09,0.0,0.26,0.84,0.41,0.13,0.12,0.0,0.95,0.27,0.73,0.86,0.96,Frontend Developer
0.96,0.72,0.9,1.0,1.0,0.17,0.44,0.0,0.3,0.11,0.16,0.17,0.64,0.46,0.81,Data Scientist
0.75,0.8,0.72,1.0,0.7,0.19,0.51,0.11,0.46,0.31,0.16,0.47,0.71,0.79,1.0,Machine Learning Engineer
0.68,0.44,0.41,0.06,0.51,0.08,0.79,0.68,0.75,0.65,0.07,1.0,0.76,0.45,0.61,DevOps Engineer
0.92,0.07,0.45,0.19,0.73,0.86,0.66,0.48,0.29,0.29,0.51,0.0,0.54,0.98,1.0,Web Developer
0.79,0.63,0.63,0.83,0.45,0.15,0.82,0.25,0.67,0.19,0.33,0.45,0.55,0.92,1.0,AI Engineer
0.54,0.26,0.12,0.0,0.32,0.62,0.22,0.17,0.08,0.0,1.0,0.18,0.93,0.9,0.9,UI UX Designer
0.73,0.28,0.44,0.02,0.25,0.19,0.33,1.0,0.69,0.82,0.11,0.06,0.76,0.37,1.0,Cybersecurity Analyst
0.22,0.22,0.1,0.27,0.01,0.29,0.07,0.25,0.29,0.22,0.75,0.07,0.84,0.98,0.67,UI UX Designer
0.7,0.88,0.59,0.21,0.93,0.02,0.21,0.0,0.13,0.08,0.14,0.0,0.74,0.61,0.98,Data Analyst
0.9,0.25,0.3,0.0,0.57,0.88,0.55,0.43,0.26,0.13,0.5,0.5,0.63,0.76,0.67,Web Developer
0.84,0.4,0.41,0.06,0.61,0.0,0.51,1.0,1.0,0.7,0.33,0.71,0.7,0.39,1.0,Cloud Engineer
0.96,0.22,0.43,0.0,0.96,0.39,0.92,0.47,0.39,0.39,0.0,0.4,0.52,0.43,0.91,Backend Developer
1.0,0.03,0.3,0.06,0.62,0.94,0.42,0.31,0.19,0.3,0.69,0.39,0.77,0.53,0.87,Web Developer
0.33,0.35,0.12,0.13,0.32,0.49,0.03,0.03,0.22,0.17,1.0,0.02,0.97,1.0,0.81,UI UX Designer
0.68,0.16,0.33,0.11,0.87,0.56,0.6,0.22,0.1,0.32,0.52,0.49,0.74,0.81,0.73,Web Developer
0.5,0.5,0.47,0.27,0.34,0.04,0.26,0.85,0.68,1.0,0.04,0.26,0.75,0.41,0.9,Cybersecurity Analyst
0.71,0.16,0.33,0.0,0.74,0.27,1.0,0.7,0.38,0.29,0.09,0.25,0.43,0.48,1.0,Backend Developer
1.0,0.74,0.89,0.94,0.61,0.08,0.58,0.08,0.8,0.27,0.13,0.59,0.7,0.81,0.99,Machine Learning Engineer
0.83,0.06,0.24,0.13,0.34,0.8,0.01,0.37,0.2,0.26,0.96,0.04,0.5,1.0,0.86,Frontend Developer
0.65,0.36,0.27,0.18,0.51,0.03,0.22,1.0,0.63,0.86,0.05,0.25,0.69,0.49,0.92,Cybersecurity Analyst
0.86,0.32,0.25,0.02,0.54,0.94,0.79,0.46,0.12,0.26,0.53,0.26,0.43,0.79,0.75,Web Developer
0.98,0.12,0.36,0.16,0.83,0.05,1.0,0.74,0.55,0.44,0.28,0.22,0.66,0.66,1.0,Backend Developer
0.93,0.89,0.81,0.81,1.0,0.08,0.3,0.06,0.51,0.02,0.16,0.19,0.79,0.77,0.83,Data Scientist
1.0,0.76,0.66,0.87,0.42,0.17,0.75,0.09,0.84,0.1,0.0,0.34,0.29,0.71,0.88,AI Engineer
0.57,0.23,0.13,0.0,0.58,0.24,0.64,0.83,1.0,0.53,0.0,0.83,0.6,0.51,0.72,DevOps Engineer
0.97,1.0,0.99,0.91,0.74,0.0,0.42,0.08,0.64,0.03,0.14,0.0,0.65,0.63,1.0,Data Scientist
0.38,0.54,0.23,0.0,0.04,0.39,0.03,0.0,0.02,0.23,1.0,0.15,0.92,1.0,0.61,UI UX Designer
0.86,0.21,0.26,0.21,0.69,0.86,0.75,0.52,0.18,0.16,0.61,0.32,0.74,0.89,0.8,Web Developer
0.6,0.97,0.78,0.17,0.92,0.0,0.11,0.02,0.35,0.29,0.51,0.09,0.75,0.48,0.99,Data Analyst
0.89,0.64,0.89,0.98,0.62,0.15,0.54,0.25,0.91,0.0,0.31,0.47,0.51,0.99,0.97,Machine Learning Engineer
0.94,0.86,0.91,0.84,0.96,0.0,0.44,0.32,0.3,0.13,0.12,0.02,0.78,0.61,0.79,Data Scientist
0.15,0.22,0.11,0.0,0.28,0.54,0.04,0.28,0.1,0.13,1.0,0.29,0.92,0.87,0.81,UI UX Designer
0.6,0.97,0.55,0.37,0.91,0.22,0.17,0.06,0.24,0.09,0.06,0.08,1.0,0.59,0.7,Data Analyst
0.49,1.0,0.92,0.25,0.92,0.04,0.2,0.27,0.31,0.0,0.39,0.24,0.91,0.52,0.81,Data Analyst
0.88,0.29,0.29,0.01,0.46,0.1,0.56,0.83,0.88,0.62,0.26,1.0,0.7,0.28,1.0,Cloud Engineer
1.0,0.68,0.76,1.0,0.6,0.27,0.61,0.06,0.63,0.03,0.19,0.55,0.59,0.8,0.89,Machine Learning Engineer
0.99,0.05,0.64,0.05,1.0,0.21,0.87,0.58,0.34,0.22,0.07,0.43,0.33,0.49,1.0,Backend Developer
0.38,0.92,0.66,0.21,0.94,0.12,0.07,0.15,0.25,0.26,0.13,0.28,0.83,0.36,0.86,Data Analyst
1.0,0.16,0.39,0.12,0.79,1.0,0.76,0.47,0.44,0.39,0.49,0.53,0.76,0.52,0.84,Full Stack Developer
0.42,0.27,0.55,0.2,0.4,0.21,0.25,0.84,0.68,0.87,0.14,0.3,0.66,0.45,1.0,Cybersecurity Analyst
0.93,0.94,0.88,0.8,0.47,0.19,0.51,0.07,0.68,0.08,0.0,0.46,0.54,0.39,1.0,Machine Learning Engineer
0.8,1.0,0.83,0.89,0.89,0.01,0.36,0.0,0.27,0.03,0.15,0.24,0.7,0.63,0.92,Data Scientist
0.84,0.78,0.56,1.0,0.68,0.06,0.54,0.22,0.74,0.23,0.1,0.42,0.54,0.72,1.0,Machine Learning Engineer
0.17,0.21,0.1,0.15,0.02,0.43,0.04,0.12,0.0,0.13,1.0,0.12,0.83,1.0,0.67,UI UX Designer
0.74,0.02,0.0,0.18,0.2,1.0,0.32,0.17,0.21,0.12,0.88,0.0,0.87,0.88,0.86,Frontend Developer
0.66,0.29,0.34,0.0,0.54,0.18,0.16,0.97,0.47,0.84,0.0,0.39,0.81,0.46,0.94,Cybersecurity Analyst
0.81,0.16,0.38,0.09,0.23,0.12,0.49,0.94,0.91,0.57,0.24,0.78,0.55,0.44,0.85,Cloud Engineer
0.97,0.76,0.8,1.0,0.7,0.21,0.75,0.3,0.66,0.0,0.31,0.21,0.81,0.9,0.97,AI Engineer
0.36,0.24,0.23,0.21,0.1,0.61,0.21,0.0,0.08,0.02,1.0,0.0,0.78,1.0,0.8,UI UX Designer
0.7,0.0,0.14,0.0,0.41,1.0,0.28,0.03,0.22,0.0,0.93,0.0,0.82,1.0,0.76,Frontend Developer
0.94,1.0,0.96,0.82,0.71,0.04,0.46,0.07,0.68,0.0,0.0,0.19,0.87,0.66,1.0,Data Scientist
0.71,1.0,0.52,0.41,1.0,0.0,0.2,0.06,0.25,0.16,0.12,0.26,0.75,0.58,0.92,Data Analyst
0.95,0.62,0.7,1.0,0.37,0.34,0.73,0.05,0.73,0.12,0.29,0.54,0.56,0.72,0.88,AI Engineer
0.86,0.11,0.41,0.0,0.35,1.0,0.16,0.14,0.22,0.0,0.84,0.0,0.68,0.7,0.73,Frontend Developer
1.0,0.76,0.78,1.0,0.45,0.15,0.37,0.41,0.66,0.0,0.36,0.55,0.61,0.63,1.0,AI Engineer
0.91,0.67,0.75,0.75,0.64,0.0,0.45,0.0,0.57,0.17,0.0,0.29,0.62,0.66,1.0,Machine Learning Engineer
0.69,0.24,0.4,0.25,0.2,0.18,0.31,1.0,0.4,1.0,0.23,0.46,0.61,0.47,1.0,Cybersecurity Analyst
0.83,0.61,0.83,1.0,0.44,0.11,0.74,0.14,0.58,0.08,0.17,0.27,0.7,0.9,0.95,AI Engineer
0.87,0.73,0.73,1.0,0.45,0.23,0.54,0.28,0.65,0.15,0.24,0.38,0.63,0.75,1.0,AI Engineer
0.98,0.73,1.0,1.0,0.39,0.36,0.63,0.2,0.7,0.23,0.06,0.45,0.66,0.9,0.92,AI Engineer
0.26,0.27,0.0,0.11,0.11,0.41,0.0,0.16,0.15,0.29,0.9,0.24,0.9,0.94,0.86,UI UX Designer
0.78,0.2,0.34,0.1,0.56,0.22,0.5,0.87,0.69,0.7,0.01,0.69,0.7,0.51,0.98,Cloud Engineer
0.37,0.33,0.27,0.26,0.24,0.08,0.01,0.16,0.0,0.04,1.0,0.11,0.86,1.0,0.75,UI UX Designer
0.47,0.88,0.55,0.38,0.96,0.09,0.24,0.0,0.3,0.04,0.22,0.23,0.76,0.74,0.81,Data Analyst
0.83,0.18,0.04,0.0,0.63,0.25,0.53,1.0,1.0,0.82,0.26,0.9,0.44,0.21,0.81,Cloud Engineer
0.67,0.14,0.26,0.04,0.67,0.24,0.64,1.0,0.91,0.3,0.34,0.83,0.59,0.18,0.74,Cloud Engineer
0.73,0.0,0.1,0.0,0.18,0.83,0.17,0.16,0.3,0.0,0.85,0.0,0.74,0.94,0.9,Frontend Developer
0.03,0.32,0.22,0.01,0.0,0.68,0.0,0.2,0.15,0.01,0.98,0.0,0.82,0.98,0.72,UI UX Designer
0.59,0.35,0.37,0.07,0.42,0.09,0.4,0.9,0.43,1.0,0.0,0.0,0.57,0.45,0.85,Cybersecurity Analyst
0.93,0.9,0.7,0.99,0.58,0.17,0.6,0.19,0.71,0.21,0.09,0.35,0.64,0.78,0.93,AI Engineer
0.66,0.0,0.16,0.04,0.64,0.43,0.6,0.81,0.95,0.73,0.17,0.85,0.63,0.54,1.0,Cloud Engineer
1.0,0.41,0.27,0.06,0.72,0.41,0.87,0.49,0.51,0.39,0.28,0.66,0.69,0.44,0.87,Backend Developer
0.76,1.0,0.62,0.86,0.85,0.28,0.41,0.22,0.35,0.01,0.02,0.28,0.82,0.66,1.0,Data Scientist
0.9,0.73,0.68,1.0,0.53,0.19,0.61,0.29,0.92,0.03,0.35,0.51,0.28,0.71,0.87,AI Engineer
0.88,0.22,0.15,0.0,0.89,0.86,0.63,0.45,0.35,0.43,0.63,0.35,0.55,1.0,0.84,Web Developer
1.0,1.0,0.98,0.61,0.89,0.17,0.33,0.02,0.4,0.31,0.0,0.05,0.86,0.55,0.86,Data Scientist
0.79,0.3,0.35,0.35,0.51,0.06,0.65,0.89,1.0,0.13,0.15,0.79,0.55,0.32,1.0,Cloud Engineer
0.96,0.32,0.35,0.0,0.97,1.0,0.77,0.42,0.44,0.16,0.63,0.46,0.67,0.68,0.9,Full Stack Developer
1.0,0.44,0.28,0.0,0.96,0.11,1.0,0.57,0.52,0.29,0.0,0.34,0.75,0.49,0.79,Backend Developer
1.0,0.21,0.22,0.08,0.86,0.19,0.81,0.62,0.62,0.44,0.26,0.42,0.58,0.47,1.0,Backend Developer
0.73,0.25,0.33,0.1,0.69,0.67,1.0,0.47,0.56,0.29,0.55,0.35,0.65,0.64,0.82,Full Stack Developer
0.96,0.32,0.37,0.26,0.82,0.91,0.84,0.45,0.4,0.23,0.48,0.42,0.7,0.58,1.0,Full Stack Developer
0.59,0.79,0.81,0.24,1.0,0.09,0.29,0.18,0.26,0.0,0.31,0.1,1.0,0.66,0.89,Data Analyst
0.77,0.0,0.25,0.0,0.25,0.82,0.23,0.16,0.3,0.08,0.87,0.23,0.64,0.95,0.97,Frontend Developer
1.0,0.7,0.97,0.98,0.48,0.35,0.62,0.02,0.86,0.15,0.0,0.41,0.55,1.0,0.86,AI Engineer
0.42,0.86,0.63,0.51,0.78,0.23,0.36,0.08,0.26,0.0,0.19,0.07,0.54,0.65,0.84,Data Analyst
0.69,0.14,0.08,0.0,0.46,0.05,0.74,0.8,0.92,0.39,0.13,1.0,0.69,0.4,0.76,DevOps Engineer
0.51,0.85,0.71,0.16,0.76,0.09,0.19,0.12,0.33,0.05,0.28,0.08,0.83,0.63,0.55,Data Analyst
0.62,0.35,0.46,0.17,0.47,0.0,0.37,1.0,0.57,1.0,0.0,0.46,0.63,0.7,0.9,Cybersecurity Analyst
0.7,0.12,0.23,0.28,0.52,0.15,0.41,1.0,0.58,0.82,0.25,0.35,0.53,0.52,0.89,Cybersecurity Analyst
0.9,1.0,0.94,0.87,1.0,0.28,0.23,0.05,0.45,0.19,0.0,0.0,0.47,0.59,0.89,Data Scientist
1.0,0.03,0.2,0.07,0.58,0.86,0.73,0.41,0.53,0.0,0.66,0.2,0.78,1.0,1.0,Web Developer
0.89,0.85,0.79,0.81,0.68,0.2,0.39,0.29,0.67,0.1,0.0,0.05,0.69,0.42,0.87,Data Scientist
0.75,0.77,0.63,0.16,1.0,0.1,0.26,0.09,0.06,0.0,0.3,0.09,0.94,0.22,0.93,Data Analyst
0.71,0.42,0.38,0.16,1.0,0.09,1.0,0.73,0.24,0.37,0.19,0.41,0.49,0.48,0.9,Backend Developer
0.79,0.22,0.26,0.0,0.45,0.19,0.48,0.89,1.0,0.66,0.0,0.79,0.5,0.39,0.95,Cloud Engineer
0.7,0.18,0.27,0.24,0.43,0.2,0.4,0.99,0.97,0.58,0.09,0.87,0.46,0.28,1.0,Cloud Engineer
0.85,0.21,0.46,0.18,0.96,0.6,0.63,0.29,0.4,0.14,0.57,0.16,0.59,1.0,1.0,Web Developer
0.93,0.04,0.42,0.22,0.82,0.99,0.91,0.36,0.49,0.16,0.42,0.39,0.74,0.82,0.79,Full Stack Developer
0.48,0.19,0.5,0.03,0.41,0.04,0.14,0.89,0.77,0.95,0.02,0.25,0.66,0.53,0.9,Cybersecurity Analyst
0.24,0.32,0.0,0.0,0.09,0.49,0.0,0.31,0.05,0.09,1.0,0.28,0.81,0.98,0.65,UI UX Designer
0.71,0.09,0.34,0.17,0.64,0.03,0.69,1.0,1.0,0.31,0.45,0.84,0.55,0.54,0.89,DevOps Engineer
0.87,0.55,0.25,0.16,0.82,1.0,0.78,0.38,0.64,0.32,0.2,0.5,0.68,0.89,0.99,Full Stack Developer
1.0,0.03,0.17,0.13,0.53,0.05,0.52,0.78,0.79,0.35,0.15,1.0,0.82,0.56,0.95,DevOps Engineer
1.0,0.04,0.35,0.14,0.81,0.8,0.89,0.61,0.46,0.4,0.47,0.71,0.7,0.78,0.76,Full Stack Developer
0.5,0.58,0.44,0.14,0.73,0.13,0.39,1.0,0.8,0.67,0.24,0.86,0.43,0.42,0.89,Cloud Engineer
0.92,0.98,0.86,0.81,0.84,0.31,0.4,0.04,0.33,0.09,0.0,0.08,0.71,0.82,1.0,Data Scientist
0.77,0.0,0.23,0.01,0.41,1.0,0.38,0.04,0.37,0.09,0.97,0.21,0.82,0.96,0.85,Frontend Developer
0.96,0.91,0.69,0.86,0.43,0.17,0.58,0.22,0.72,0.0,0.39,0.23,0.45,0.85,0.93,AI Engineer
0.75,0.14,0.28,0.26,0.99,0.95,0.8,0.52,0.47,0.27,0.35,0.56,0.7,0.9,0.77,Full Stack Developer
0.94,0.86,0.75,0.66,0.84,0.14,0.52,0.19,0.38,0.26,0.08,0.02,0.64,0.53,0.64,Data Scientist
0.91,0.16,0.29,0.13,0.9,0.26,0.94,0.55,0.51,0.09,0.0,0.32,0.48,0.47,0.86,Backend Developer
0.44,0.85,0.79,0.35,1.0,0.1,0.0,0.07,0.22,0.06,0.37,0.07,0.68,0.66,0.66,Data Analyst
0.86,0.04,0.23,0.19,0.25,0.95,0.41,0.37,0.12,0.0,0.75,0.0,0.67,0.94,0.63,Frontend Developer
0.65,1.0,0.65,0.4,1.0,0.01,0.19,0.16,0.15,0.0,0.42,0.07,1.0,0.54,0.78,Data Analyst
0.93,0.82,1.0,0.99,0.56,0.0,0.68,0.13,0.74,0.0,0.23,0.34,0.51,0.83,0.79,Machine Learning Engineer
1.0,0.52,0.87,1.0,0.53,0.27,0.72,0.17,0.69,0.05,0.04,0.34,0.77,0.82,1.0,Machine Learning Engineer
1.0,0.29,0.11,0.0,0.93,0.84,0.83,0.4,0.34,0.31,0.45,0.64,0.69,0.68,1.0,Full Stack Developer
0.81,0.21,0.26,0.12,0.47,0.06,0.13,0.86,0.68,1.0,0.0,0.15,0.58,0.5,1.0,Cybersecurity Analyst
1.0,0.18,0.24,0.0,0.89,0.29,0.98,0.59,0.38,0.63,0.0,0.16,0.54,0.52,1.0,Backend Developer
0.33,0.29,0.11,0.06,0.0,0.47,0.0,0.17,0.11,0.05,1.0,0.0,0.66,1.0,0.63,UI UX Designer
0.63,0.0,0.3,0.03,0.5,0.13,0.63,0.82,0.94,0.35,0.02,0.96,0.69,0.62,0.81,DevOps Engineer
0.56,0.48,0.4,0.29,0.27,0.07,0.24,1.0,0.68,0.99,0.05,0.3,0.79,0.6,0.94,Cybersecurity Analyst
0.84,0.87,0.96,0.91,0.73,0.02,0.5,0.2,0.93,0.14,0.21,0.41,0.61,0.56,0.88,Machine Learning Engineer
0.61,0.82,0.59,0.07,0.85,0.0,0.3,0.07,0.0,0.02,0.29,0.03,0.82,0.56,0.78,Data Analyst
0.07,0.33,0.02,0.0,0.01,0.52,0.14,0.34,0.0,0.0,0.86,0.22,0.79,0.82,0.9,UI UX Designer
1.0,1.0,0.93,0.78,0.91,0.15,0.55,0.1,0.63,0.06,0.29,0.11,0.64,0.46,0.88,Data Scientist
0.97,0.0,0.27,0.15,0.52,0.03,0.58,0.73,0.81,0.37,0.0,0.88,0.69,0.62,0.82,DevOps Engineer
0.0,0.39,0.03,0.2,0.08,0.84,0.17,0.0,0.0,0.0,0.95,0.0,0.76,1.0,0.61,UI UX Designer
1.0,0.94,0.77,0.95,0.86,0.16,0.32,0.24,0.41,0.18,0.25,0.17,0.73,0.86,0.93,Data Scientist
1.0,0.22,0.38,0.2,0.89,0.87,1.0,0.42,0.67,0.28,0.59,0.72,0.43,0.78,0.9,Full Stack Developer
0.53,1.0,0.55,0.45,0.82,0.14,0.06,0.16,0.26,0.24,0.36,0.25,0.88,0.45,0.96,Data Analyst
0.73,0.74,0.72,1.0,0.56,0.04,0.58,0.16,0.64,0.12,0.06,0.41,0.4,0.54,1.0,AI Engineer
1.0,0.08,0.27,0.0,0.68,0.88,0.86,0.44,0.32,0.32,0.47,0.61,0.77,0.64,1.0,Full Stack Developer
0.57,0.31,0.3,0.41,0.33,0.04,0.32,0.79,0.7,1.0,0.0,0.23,0.47,0.43,0.68,Cybersecurity Analyst
0.65,0.22,0.36,0.01,0.49,0.1,0.55,1.0,0.94,0.76,0.0,0.84,0.39,0.41,0.99,Cloud Engineer
0.99,0.21,0.21,0.22,0.5,0.11,0.61,1.0,0.79,0.61,0.1,0.67,0.41,0.39,0.84,Cloud Engineer
0.78,0.29,0.4,0.0,0.54,0.29,0.82,0.84,1.0,0.64,0.08,0.76,0.69,0.35,0.92,DevOps Engineer
0.75,0.22,0.36,0.04,0.24,0.16,0.41,1.0,1.0,0.78,0.0,0.94,0.4,0.51,0.87,Cloud Engineer
0.81,0.8,0.58,0.13,0.96,0.18,0.29,0.0,0.32,0.24,0.19,0.1,0.93,0.64,0.88,Data Analyst
0.97,0.71,0.91,1.0,0.53,0.19,0.55,0.2,0.56,0.13,0.06,0.51,0.69,0.83,0.94,AI Engineer
0.75,0.14,0.23,0.03,0.5,0.25,0.77,0.78,1.0,0.46,0.06,0.9,0.78,0.57,0.75,DevOps Engineer
0.69,1.0,0.52,0.34,0.75,0.0,0.39,0.18,0.1,0.13,0.28,0.12,1.0,0.67,0.44,Data Analyst
0.64,0.07,0.1,0.1,0.65,0.69,0.8,0.42,0.31,0.27,0.62,0.11,0.68,0.58,0.75,Web Developer
0.85,0.12,0.15,0.32,0.4,0.94,0.29,0.18,0.14,0.05,1.0,0.03,0.69,1.0,0.84,Frontend Developer
0.57,0.81,0.68,0.3,0.82,0.0,0.36,0.17,0.12,0.18,0.28,0.25,0.72,0.69,0.73,Data Analyst
0.86,0.16,0.38,0.16,0.55,0.15,0.7,0.83,1.0,0.56,0.24,1.0,0.5,0.14,0.92,Cloud Engineer
0.97,0.78,0.87,0.92,0.65,0.41,0.94,0.2,0.74,0.15,0.2,0.47,0.59,0.78,1.0,AI Engineer
1.0,1.0,0.88,0.82,0.71,0.25,0.38,0.16,0.38,0.17,0.09,0.19,0.68,0.7,0.98,Data Scientist
0.82,1.0,1.0,1.0,0.49,0.0,0.65,0.09,0.7,0.23,0.0,0.74,0.79,0.55,0.78,Machine Learning Engineer
0.97,0.28,0.38,0.12,0.87,0.62,0.66,0.41,0.54,0.32,0.62,0.21,0.87,0.86,0.73,Web Developer
0.74,0.28,0.58,0.0,0.92,0.69,0.86,0.41,0.57,0.41,0.42,0.65,0.47,0.76,1.0,Web Developer
1.0,0.72,0.86,1.0,0.39,0.11,0.55,0.18,0.69,0.12,0.11,0.51,0.71,0.99,1.0,AI Engineer
0.19,0.33,0.0,0.17,0.11,0.63,0.18,0.07,0.08,0.16,1.0,0.0,1.0,0.93,0.94,UI UX Designer
0.13,0.33,0.19,0.05,0.22,0.55,0.15,0.1,0.12,0.0,0.9,0.13,1.0,0.97,0.86,UI UX Designer
0.83,0.13,0.23,0.21,0.2,1.0,0.22,0.2,0.15,0.09,0.97,0.0,0.49,0.92,0.88,Frontend Developer
0.78,0.25,0.27,0.13,0.77,0.88,0.83,0.54,0.47,0.52,0.42,0.63,0.57,0.74,0.85,Full Stack Developer
0.86,0.18,0.26,0.18,0.77,0.68,0.78,0.55,0.19,0.18,0.56,0.39,0.55,0.74,0.79,Web Developer
0.83,0.06,0.34,0.09,0.49,0.89,0.59,0.57,0.42,0.17,0.5,0.27,0.55,1.0,0.74,Web Developer
0.88,0.34,0.26,0.04,0.43,1.0,0.17,0.26,0.19,0.16,0.9,0.08,0.9,1.0,0.64,Frontend Developer
1.0,0.79,0.98,0.96,0.37,0.3,0.8,0.16,0.55,0.25,0.27,0.24,0.69,0.63,0.89,AI Engineer
0.73,0.2,0.33,0.19,0.99,0.49,0.9,0.76,0.61,0.22,0.08,0.31,0.59,0.45,0.9,Backend Developer
0.99,0.21,0.33,0.0,0.75,0.8,0.74,0.59,0.63,0.37,0.43,0.44,0.65,0.93,1.0,Full Stack Developer
0.95,0.08,0.43,0.21,0.87,0.3,0.87,0.39,0.54,0.37,0.01,0.46,0.84,0.86,0.85,Backend Developer
1.0,0.36,0.3,0.04,0.92,0.9,0.88,0.5,0.42,0.2,0.47,0.33,0.77,0.9,0.86,Full Stack Developer
0.99,0.14,0.39,0.04,0.89,0.34,0.98,0.66,0.34,0.48,0.0,0.41,0.57,0.41,0.92,Backend Developer
0.84,0.36,0.41,0.0,0.61,0.22,0.73,0.93,1.0,0.58,0.04,0.84,0.75,0.45,1.0,DevOps Engineer
0.7,0.15,0.25,0.22,0.69,0.1,0.64,0.99,0.69,0.59,0.23,1.0,0.8,0.41,0.84,DevOps Engineer
0.65,0.11,0.35,0.0,0.6,0.09,0.55,0.8,1.0,0.66,0.06,0.91,0.28,0.44,0.89,Cloud Engineer
0.61,0.0,0.51,0.0,0.55,0.11,0.61,0.68,0.82,0.6,0.07,1.0,0.44,0.43,1.0,DevOps Engineer
1.0,0.24,0.28,0.13,0.69,0.63,0.81,0.43,0.0,0.12,0.4,0.42,0.59,0.98,0.66,Web Developer
0.92,0.68,0.82,0.69,0.57,0.32,0.47,0.17,0.52,0.18,0.07,0.73,0.62,0.66,1.0,Machine Learning Engineer
0.86,0.96,1.0,0.91,0.86,0.24,0.34,0.0,0.44,0.13,0.03,0.2,0.77,0.48,0.96,Data Scientist
0.54,0.32,0.23,0.1,0.5,0.17,0.3,0.95,0.74,1.0,0.03,0.23,0.62,0.5,0.81,Cybersecurity Analyst
0.17,0.16,0.38,0.11,0.04,0.35,0.21,0.17,0.24,0.14,0.94,0.01,0.81,0.95,0.88,UI UX Designer
0.4,0.89,0.63,0.65,0.87,0.05,0.32,0.08,0.23,0.0,0.39,0.02,0.9,0.74,0.76,Data Analyst
1.0,0.2,0.27,0.13,0.76,1.0,0.97,0.46,0.48,0.19,0.53,0.34,0.7,0.74,1.0,Full Stack Developer
0.41,0.33,0.37,0.01,0.4,0.14,0.29,0.98,0.77,0.93,0.15,0.09,0.75,0.28,1.0,Cybersecurity Analyst
0.79,0.21,0.34,0.4,0.14,0.0,0.52,0.9,0.66,1.0,0.01,0.23,0.75,0.49,0.89,Cybersecurity Analyst
0.83,0.84,0.79,0.33,0.71,0.0,0.06,0.04,0.15,0.1,0.35,0.15,1.0,0.57,0.89,Data Analyst
0.17,0.21,0.0,0.08,0.04,0.34,0.25,0.22,0.0,0.0,0.82,0.12,1.0,0.86,0.76,UI UX Designer
0.08,0.28,0.0,0.19,0.0,0.4,0.02,0.17,0.16,0.0,1.0,0.0,0.93,0.85,0.82,UI UX Designer
0.86,0.0,0.14,0.08,0.23,1.0,0.2,0.26,0.24,0.21,0.84,0.18,0.73,0.98,0.82,Frontend Developer
1.0,0.13,0.38,0.19,0.88,0.22,0.84,0.5,0.54,0.43,0.1,0.58,0.78,0.38,0.94,Backend Developer
0.81,0.64,0.19,0.13,0.9,0.78,1.0,0.49,0.52,0.52,0.41,0.44,0.66,0.64,0.98,Full Stack Developer
0.65,0.39,0.16,0.11,0.49,0.01,0.65,0.86,1.0,0.58,0.12,1.0,0.58,0.65,0.96,DevOps Engineer
0.79,0.06,0.37,0.21,0.72,0.1,0.71,0.78,0.83,0.56,0.19,1.0,0.79,0.37,0.78,DevOps Engineer
1.0,0.11,0.1,0.04,0.69,1.0,0.73,0.46,0.68,0.4,0.44,0.41,0.68,0.77,1.0,Full Stack Developer
0.9,0.24,0.5,0.0,0.52,0.25,0.3,0.98,0.91,0.25,0.19,0.87,0.59,0.68,0.85,DevOps Engineer
0.97,0.77,0.59,0.83,0.69,0.21,0.48,0.0,0.5,0.0,0.09,0.06,0.71,0.7,0.98,Data Scientist
0.4,0.73,0.61,0.24,0.86,0.0,0.08,0.14,0.14,0.09,0.17,0.15,0.83,0.7,0.81,Data Analyst
0.89,0.09,0.24,0.13,0.71,0.18,0.57,0.78,0.93,0.36,0.2,1.0,0.81,0.62,1.0,DevOps Engineer
0.74,0.3,0.3,0.14,0.29,0.0,0.56,0.99,0.91,0.64,0.01,0.66,0.61,0.43,0.95,Cloud Engineer
0.77,0.35,0.56,0.09,0.6,0.26,0.67,0.84,0.66,0.45,0.13,0.82,0.66,0.71,0.87,DevOps Engineer
0.68,0.17,0.42,0.14,0.69,0.75,0.7,0.39,0.04,0.11,0.27,0.45,0.7,0.71,0.95,Web Developer
0.85,0.0,0.0,0.35,0.43,0.89,0.22,0.27,0.14,0.27,0.84,0.22,0.62,1.0,0.99,Frontend Developer
0.93,0.0,0.25,0.0,0.6,0.0,0.43,0.67,1.0,0.48,0.18,1.0,0.73,0.57,0.78,DevOps Engineer
0.96,0.24,0.29,0.0,0.8,0.25,0.91,0.6,0.47,0.42,0.13,0.44,0.57,0.48,0.91,Backend Developer
0.91,0.34,0.37,0.24,0.76,0.64,0.69,0.46,0.39,0.14,0.49,0.34,0.75,0.92,0.93,Web Developer
0.88,0.66,0.75,0.93,0.68,0.35,0.56,0.35,0.51,0.0,0.38,0.13,0.67,0.65,0.93,AI Engineer
0.89,0.0,0.16,0.2,0.47,0.91,0.27,0.19,0.33,0.11,1.0,0.28,0.58,0.91,0.71,Frontend Developer
0.9,0.95,1.0,0.69,0.86,0.0,0.09,0.0,0.23,0.23,0.0,0.07,0.56,0.67,0.77,Data Scientist
1.0,0.91,0.91,1.0,0.37,0.07,0.69,0.0,0.63,0.2,0.12,0.46,0.44,0.74,1.0,AI Engineer
1.0,0.08,0.21,0.0,0.23,1.0,0.16,0.1,0.37,0.29,0.77,0.11,0.65,1.0,0.83,Frontend Developer
0.46,0.69,0.61,0.34,0.91,0.0,0.08,0.0,0.03,0.0,0.29,0.0,0.85,0.53,1.0,Data Analyst
1.0,0.1,0.26,0.01,0.28,1.0,0.46,0.06,0.18,0.1,0.81,0.14,0.7,0.96,0.71,Frontend Developer
0.68,0.24,0.63,0.0,0.44,0.0,0.16,1.0,0.71,0.76,0.1,0.23,0.77,0.72,1.0,Cybersecurity Analyst
0.75,0.05,0.2,0.06,0.79,0.91,0.84,0.42,0.4,0.47,0.61,0.49,0.42,0.71,0.76,Web Developer
0.66,0.18,0.26,0.1,0.69,0.1,0.73,1.0,1.0,0.51,0.06,0.69,0.65,0.39,0.95,Cloud Engineer
1.0,0.0,0.42,0.16,0.89,0.11,0.87,0.81,0.51,0.22,0.17,0.54,0.64,0.58,1.0,Backend Developer
0.86,0.76,0.91,1.0,0.61,0.0,0.62,0.12,0.57,0.08,0.0,0.58,0.7,0.69,0.83,Machine Learning Engineer
0.05,0.32,0.03,0.0,0.14,0.55,0.08,0.06,0.21,0.07,1.0,0.0,0.97,0.98,0.86,UI UX Designer
1.0,0.89,1.0,0.95,0.63,0.41,0.84,0.29,0.8,0.01,0.03,0.52,0.56,0.8,0.88,AI Engineer
0.85,0.24,0.21,0.11,0.66,0.02,0.69,0.71,0.97,0.67,0.14,0.85,0.71,0.51,0.8,DevOps Engineer
1.0,0.61,0.94,1.0,0.33,0.25,0.72,0.16,0.61,0.07,0.03,0.6,0.46,0.72,1.0,AI Engineer
0.81,0.4,0.24,0.06,0.57,0.22,0.38,0.98,1.0,0.58,0.07,0.89,0.65,0.45,0.81,Cloud Engineer
1.0,0.46,0.67,0.98,0.54,0.19,0.58,0.22,0.65,0.0,0.24,0.37,0.74,0.88,1.0,AI Engineer
0.97,0.25,0.24,0.04,0.97,0.88,1.0,0.33,0.47,0.16,0.41,0.41,0.64,0.89,0.81,Full Stack Developer
0.88,0.77,0.95,0.89,0.71,0.16,0.46,0.03,0.45,0.22,0.01,0.15,0.7,0.87,0.68,Data Scientist
0.79,0.88,0.83,1.0,0.61,0.23,0.73,0.12,0.67,0.04,0.0,0.58,0.74,0.7,0.89,Machine Learning Engineer
0.75,1.0,0.96,1.0,0.71,0.1,0.39,0.09,0.4,0.0,0.2,0.18,0.84,0.87,0.86,Data Scientist
1.0,0.16,0.25,0.02,0.67,1.0,0.96,0.6,0.44,0.47,0.52,0.67,0.7,0.79,0.89,Full Stack Developer
0.9,0.17,0.36,0.14,0.75,0.94,0.74,0.31,0.21,0.27,0.37,0.39,0.69,0.79,0.76,Web Developer
0.83,0.27,0.38,0.14,0.85,1.0,0.83,0.46,0.58,0.36,0.6,0.47,0.54,0.65,0.9,Full Stack Developer
0.55,0.31,0.42,0.13,0.35,0.31,0.22,1.0,0.77,1.0,0.32,0.37,0.66,0.44,0.87,Cybersecurity Analyst
0.8,0.4,0.58,0.0,0.41,0.24,0.39,0.87,0.51,1.0,0.07,0.38,0.72,0.49,0.96,Cybersecurity Analyst
0.72,0.0,0.26,0.1,0.81,0.75,0.98,0.39,0.24,0.25,0.38,0.33,0.35,0.88,0.86,Web Developer
0.76,0.26,0.36,0.27,0.47,1.0,0.27,0.12,0.0,0.15,0.81,0.08,0.4,1.0,0.78,Frontend Developer
0.87,0.63,0.92,1.0,0.82,0.03,0.54,0.28,0.83,0.05,0.08,0.76,0.59,0.64,0.96,Machine Learning Engineer
0.84,0.09,0.21,0.05,0.22,1.0,0.32,0.01,0.23,0.05,0.91,0.01,0.72,0.82,0.8,Frontend Developer
0.69,0.68,0.45,0.3,0.92,0.13,0.09,0.08,0.03,0.13,0.01,0.08,0.88,0.39,0.74,Data Analyst
0.83,0.02,0.48,0.2,0.02,1.0,0.05,0.04,0.12,0.25,0.87,0.13,0.5,1.0,0.77,Frontend Developer
0.88,0.38,0.3,0.04,0.8,0.72,1.0,0.75,0.29,0.27,0.49,0.43,0.85,0.95,0.92,Full Stack Developer
0.76,0.29,0.49,0.18,0.47,0.06,0.42,1.0,1.0,0.57,0.0,0.72,0.65,0.29,0.66,Cloud Engineer
0.76,0.12,0.32,0.15,0.75,0.71,0.72,0.48,0.48,0.24,0.35,0.3,0.53,0.96,0.65,Web Developer
0.93,0.8,0.74,0.97,0.51,0.1,0.66,0.22,0.76,0.0,0.05,0.53,0.68,0.51,0.97,Machine Learning Engineer
0.87,0.61,0.83,1.0,0.37,0.1,0.68,0.25,0.57,0.16,0.1,0.73,0.49,0.71,0.97,AI Engineer
0.68,0.1,0.17,0.03,0.48,0.97,0.02,0.25,0.28,0.11,0.81,0.05,0.63,0.89,0.72,Frontend Developer
1.0,0.17,0.32,0.04,0.18,0.27,0.12,1.0,0.84,0.44,0.09,1.0,0.64,0.38,0.81,Cloud Engineer
0.66,0.05,0.38,0.29,0.68,0.65,0.46,0.43,0.15,0.46,0.78,0.33,0.66,0.79,0.99,Web Developer
1.0,0.85,0.85,1.0,0.9,0.1,0.26,0.17,0.32,0.0,0.02,0.13,0.45,0.64,0.92,Data Scientist
0.25,0.3,0.02,0.0,0.0,0.56,0.0,0.02,0.16,0.23,0.88,0.06,0.85,1.0,0.68,UI UX Designer
0.97,0.12,0.16,0.0,0.71,0.95,0.71,0.55,0.31,0.15,0.83,0.52,0.62,0.7,0.66,Web Developer
0.64,0.21,0.17,0.26,0.57,0.18,0.62,0.84,0.78,0.5,0.05,0.99,0.71,0.58,0.84,DevOps Engineer
0.87,0.0,0.36,0.06,0.52,1.0,0.12,0.26,0.23,0.07,0.99,0.1,0.7,0.87,0.71,Frontend Developer
1.0,0.94,0.73,0.84,0.91,0.0,0.4,0.13,0.36,0.19,0.17,0.38,0.77,0.53,0.83,Data Scientist
0.88,0.93,0.89,0.98,0.78,0.0,0.44,0.07,0.37,0.11,0.13,0.24,0.78,0.61,0.81,Data Scientist
0.92,0.09,0.38,0.0,1.0,0.26,1.0,0.64,0.59,0.31,0.0,0.5,0.8,0.49,1.0,Backend Developer
1.0,0.0,0.21,0.12,0.98,0.16,1.0,0.49,0.62,0.32,0.32,0.5,0.67,0.67,0.85,Backend Developer
0.89,0.3,0.39,0.0,1.0,0.04,1.0,0.31,0.48,0.22,0.18,0.43,0.34,0.34,0.88,Backend Developer
0.47,0.63,0.8,0.43,0.91,0.07,0.39,0.19,0.12,0.19,0.05,0.03,0.72,0.34,0.66,Data Analyst
0.59,0.24,0.44,0.14,0.43,0.18,0.29,1.0,0.66,1.0,0.09,0.33,0.62,0.5,1.0,Cybersecurity Analyst
0.11,0.4,0.0,0.02,0.03,0.58,0.0,0.03,0.0,0.3,0.97,0.04,0.91,1.0,0.55,UI UX Designer
0.72,0.38,0.53,0.33,0.35,0.0,0.16,0.94,0.72,1.0,0.13,0.3,0.68,0.65,0.86,Cybersecurity Analyst
0.96,0.23,0.48,0.28,0.86,1.0,0.57,0.44,0.53,0.41,0.55,0.49,0.64,0.7,1.0,Full Stack Developer
0.74,0.88,0.43,0.3,0.69,0.07,0.19,0.05,0.02,0.0,0.1,0.07,1.0,0.69,0.74,Data Analyst
0.63,0.12,0.39,0.16,0.3,0.0,0.17,0.93,0.65,1.0,0.24,0.15,0.52,0.49,1.0,Cybersecurity Analyst
0.88,0.59,0.67,0.92,0.33,0.08,0.51,0.02,0.51,0.04,0.12,0.25,0.66,0.79,0.9,AI Engineer
1.0,0.8,0.69,0.99,0.66,0.03,0.43,0.33,0.65,0.05,0.1,0.62,0.63,0.66,1.0,Machine Learning Engineer
0.94,0.81,0.73,1.0,0.78,0.0,0.43,0.3,0.54,0.05,0.12,0.58,0.57,0.71,0.86,Machine Learning Engineer
0.86,0.07,0.27,0.03,0.71,0.2,0.47,1.0,1.0,0.59,0.16,0.9,0.58,0.25,0.94,Cloud Engineer
0.68,0.1,0.38,0.17,1.0,0.07,1.0,0.35,0.39,0.36,0.0,0.5,0.82,0.33,0.92,Backend Developer
0.83,1.0,0.97,0.83,0.72,0.18,0.22,0.06,0.32,0.11,0.13,0.1,0.84,0.63,0.86,Data Scientist
0.79,0.19,0.09,0.15,0.48,1.0,0.33,0.38,0.26,0.23,1.0,0.09,0.51,0.93,0.82,Frontend Developer
0.59,0.26,0.47,0.07,0.26,0.18,0.36,0.78,0.65,1.0,0.08,0.32,0.61,0.29,1.0,Cybersecurity Analyst
0.69,0.21,0.33,0.24,0.71,0.14,0.68,0.82,1.0,0.44,0.0,1.0,1.0,0.6,0.82,DevOps Engineer
0.81,0.2,0.25,0.0,0.92,0.78,0.93,0.51,0.51,0.2,0.48,0.65,0.77,0.92,0.94,Full Stack Developer
1.0,0.26,0.35,0.11,0.79,0.18,1.0,0.61,0.59,0.26,0.0,0.35,0.47,0.34,0.95,Backend Developer
0.62,0.24,0.4,0.04,0.57,0.88,0.71,0.47,0.28,0.48,0.39,0.24,0.66,0.89,0.68,Web Developer
0.89,0.89,0.83,1.0,0.19,0.12,0.44,0.15,0.74,0.02,0.26,0.28,0.67,0.61,0.92,AI Engineer
0.6,0.0,0.18,0.04,0.68,0.8,0.78,0.24,0.08,0.23,0.46,0.29,0.52,0.78,1.0,Web Developer
0.9,0.08,0.17,0.09,0.82,0.85,0.77,0.22,0.12,0.33,0.5,0.14,0.71,0.83,1.0,Web Developer
0.91,0.8,0.93,0.75,0.91,0.1,0.67,0.13,0.56,0.0,0.09,0.14,0.91,0.4,1.0,Data Scientist
0.88,0.56,0.93,0.74,0.57,0.26,0.95,0.24,0.45,0.0,0.21,0.44,0.72,0.56,0.91,AI Engineer
0.88,1.0,0.78,0.94,1.0,0.0,0.22,0.03,0.46,0.18,0.25,0.07,0.51,0.55,1.0,Data Scientist
0.84,0.2,0.36,0.11,0.59,1.0,1.0,0.69,0.57,0.38,0.42,0.52,0.56,0.81,0.78,Full Stack Developer
1.0,0.9,0.65,1.0,0.54,0.0,0.39,0.21,0.77,0.15,0.06,0.4,0.48,0.63,0.83,Machine Learning Engineer
0.37,0.24,0.24,0.19,0.05,0.62,0.06,0.21,0.09,0.11,1.0,0.22,0.89,1.0,0.87,UI UX Designer
0.79,0.0,0.0,0.22,0.34,1.0,0.09,0.07,0.18,0.27,0.91,0.12,0.84,1.0,0.82,Frontend Developer
0.68,0.24,0.52,0.27,0.58,0.0,0.35,0.8,0.5,0.85,0.07,0.13,0.79,0.5,0.85,Cybersecurity Analyst
0.82,0.0,0.22,0.29,0.15,0.65,0.22,0.28,0.15,0.13,1.0,0.3,0.77,0.8,0.82,Frontend Developer
0.98,0.0,0.3,0.14,1.0,0.07,0.95,0.55,0.44,0.15,0.0,0.4,0.65,0.52,0.85,Backend Developer
0.7,0.28,0.22,0.07,0.47,0.12,0.42,1.0,0.59,0.94,0.04,0.25,0.81,0.45,0.75,Cybersecurity Analyst
0.83,0.16,0.39,0.0,0.56,0.14,0.34,0.78,0.98,0.54,0.13,0.63,0.49,0.65,0.8,Cloud Engineer
0.43,0.29,0.42,0.12,0.29,0.22,0.41,1.0,0.5,0.94,0.23,0.52,0.7,0.32,0.92,Cybersecurity Analyst
1.0,0.4,0.38,0.27,0.86,0.25,1.0,0.47,0.46,0.26,0.15,0.46,0.53,0.44,0.72,Backend Developer
0.71,0.38,0.32,0.0,0.56,0.0,0.46,0.64,0.8,0.75,0.22,1.0,0.83,0.48,0.95,DevOps Engineer
0.1,0.41,0.28,0.16,0.15,0.4,0.25,0.0,0.12,0.29,0.92,0.16,0.81,1.0,0.63,UI UX Designer
1.0,0.19,0.3,0.17,0.89,0.08,0.93,0.56,0.53,0.23,0.05,0.24,0.55,0.29,0.87,Backend Developer
0.65,0.15,0.4,0.2,0.74,0.09,0.84,0.7,0.95,0.47,0.28,1.0,0.58,0.53,0.77,DevOps Engineer
0.72,0.06,0.21,0.07,0.5,0.17,0.47,0.95,0.96,0.67,0.15,0.87,0.77,0.37,0.71,Cloud Engineer
1.0,0.14,0.14,0.25,0.85,0.83,0.9,0.45,0.62,0.41,0.54,0.56,0.7,0.92,0.67,Full Stack Developer
0.85,0.91,0.74,0.87,0.62,0.12,0.64,0.33,0.65,0.15,0.0,0.65,0.68,0.76,0.97,Machine Learning Engineer
0.66,0.48,0.44,0.03,0.37,0.09,0.22,0.74,0.55,1.0,0.0,0.07,0.69,0.63,0.74,Cybersecurity Analyst
0.93,0.23,0.34,0.17,0.54,0.19,0.52,0.88,0.93,0.54,0.07,0.92,0.56,0.39,0.89,Cloud Engineer
0.83,0.09,0.39,0.0,0.4,0.16,0.44,0.87,1.0,0.43,0.12,1.0,0.64,0.69,0.86,DevOps Engineer
0.8,0.93,0.53,0.43,1.0,0.0,0.31,0.16,0.22,0.14,0.26,0.02,1.0,0.44,1.0,Data Analyst
1.0,0.56,0.99,0.78,0.59,0.08,0.7,0.0,0.47,0.03,0.1,0.39,0.57,0.56,0.9,Machine Learning Engineer
0.78,0.98,1.0,0.9,0.79,0.16,0.23,0.06,0.46,0.2,0.07,0.15,0.73,0.69,0.77,Data Scientist
0.86,0.75,0.85,0.94,0.69,0.0,0.39,0.11,0.86,0.03,0.38,0.56,0.46,0.6,0.98,Machine Learning Engineer
1.0,0.63,0.68,0.92,0.42,0.26,0.64,0.29,0.77,0.22,0.31,0.49,0.69,0.74,0.92,AI Engineer
0.7,0.0,0.34,0.05,0.51,0.26,0.39,0.64,1.0,0.66,0.0,0.76,0.56,0.4,0.83,Cloud Engineer
0.98,0.9,0.86,0.88,0.6,0.0,0.6,0.25,0.85,0.12,0.21,0.5,0.48,0.53,0.83,Machine Learning Engineer
0.86,0.27,0.12,0.0,0.62,0.12,0.67,0.81,0.88,0.65,0.14,1.0,0.84,0.65,0.94,DevOps Engineer
0.5,0.96,0.66,0.03,1.0,0.12,0.33,0.08,0.22,0.23,0.25,0.13,1.0,0.58,0.82,Data Analyst
1.0,0.68,0.82,0.86,0.57,0.33,0.69,0.19,0.59,0.06,0.23,0.43,0.77,0.54,0.92,Machine Learning Engineer
0.89,0.23,0.43,0.37,0.47,0.01,0.79,0.82,0.85,0.42,0.21,1.0,0.94,0.49,1.0,DevOps Engineer
0.82,0.14,0.19,0.1,0.37,0.05,0.83,0.85,0.76,0.57,0.11,0.96,0.63,0.5,0.83,DevOps Engineer
0.98,0.91,0.89,1.0,0.8,0.37,0.35,0.14,0.34,0.02,0.11,0.07,0.72,0.35,1.0,Data Scientist
1.0,0.24,0.14,0.27,1.0,0.32,1.0,0.57,0.73,0.17,0.0,0.64,0.63,0.45,0.88,Backend Developer
1.0,0.49,0.91,1.0,0.51,0.14,0.65,0.25,0.8,0.0,0.23,0.33,0.49,0.85,0.91,AI Engineer
0.83,0.01,0.19,0.12,0.33,1.0,0.2,0.42,0.54,0.12,0.79,0.0,0.8,0.76,0.78,Frontend Developer
1.0,0.15,0.63,0.0,0.89,0.85,0.96,0.43,0.45,0.08,0.51,0.32,0.54,0.81,0.94,Full Stack Developer
0.1,0.35,0.03,0.0,0.1,0.39,0.07,0.25,0.08,0.08,0.94,0.0,0.92,1.0,0.95,UI UX Designer
0.53,0.21,0.47,0.04,0.72,0.7,0.64,0.43,0.16,0.34,0.27,0.34,0.54,0.98,0.94,Web Developer
0.84,0.24,0.25,0.0,0.83,0.12,1.0,0.6,0.47,0.38,0.12,0.38,0.68,0.33,0.93,Backend Developer
0.11,0.43,0.13,0.02,0.21,0.6,0.28,0.05,0.06,0.28,1.0,0.13,0.8,0.87,0.63,UI UX Designer
0.93,0.3,0.41,0.17,0.72,0.13,1.0,0.54,0.49,0.63,0.09,0.57,0.82,0.59,0.9,Backend Developer
1.0,0.23,0.21,0.0,0.36,0.0,0.8,0.9,0.88,0.48,0.09,1.0,0.87,0.55,0.66,DevOps Engineer
0.85,0.83,0.92,1.0,0.52,0.06,0.61,0.16,0.69,0.0,0.14,0.39,0.49,0.51,1.0,Machine Learning Engineer
0.81,1.0,0.73,1.0,0.78,0.09,0.48,0.17,0.74,0.21,0.11,0.33,0.61,0.62,0.69,Machine Learning Engineer
0.86,0.0,0.24,0.01,0.71,0.88,0.9,0.4,0.74,0.39,0.63,0.46,0.81,0.89,0.83,Full Stack Developer
0.97,0.24,0.31,0.21,0.43,0.28,0.69,0.95,0.91,0.73,0.14,0.88,0.74,0.45,0.79,Cloud Engineer
0.18,0.36,0.15,0.04,0.06,0.29,0.17,0.09,0.29,0.0,1.0,0.17,0.82,1.0,0.83,UI UX Designer
0.54,0.19,0.27,0.15,0.41,0.18,0.55,0.81,1.0,0.56,0.02,0.83,0.6,0.29,0.97,Cloud Engineer
1.0,0.25,0.32,0.13,0.72,1.0,1.0,0.5,0.5,0.38,0.48,0.48,0.64,0.76,0.89,Full Stack Developer
0.76,0.71,0.87,1.0,0.71,0.0,0.62,0.46,0.78,0.2,0.1,0.59,0.82,0.71,1.0,Machine Learning Engineer
1.0,0.97,0.93,0.87,1.0,0.0,0.56,0.12,0.9,0.15,0.0,0.53,0.67,0.66,0.8,Machine Learning Engineer
0.34,0.27,0.43,0.12,0.53,0.0,0.24,0.78,0.63,0.99,0.04,0.3,0.62,0.38,1.0,Cybersecurity Analyst
0.81,0.07,0.16,0.21,0.45,0.12,0.68,0.89,0.94,0.36,0.16,0.98,0.58,0.26,0.95,DevOps Engineer
0.66,0.81,0.99,1.0,1.0,0.32,0.15,0.19,0.17,0.29,0.13,0.0,0.94,0.68,0.67,Data Scientist
1.0,0.24,0.41,0.11,0.72,0.23,1.0,0.86,0.41,0.45,0.0,0.58,0.62,0.6,1.0,Backend Developer
1.0,0.03,0.25,0.26,0.91,0.93,0.98,0.57,0.58,0.47,0.38,0.49,0.78,0.89,1.0,Full Stack Developer
0.65,0.14,0.26,0.11,0.45,1.0,0.38,0.19,0.21,0.2,1.0,0.06,0.93,0.96,0.8,Frontend Developer
0.81,0.28,0.54,0.0,0.47,0.17,0.3,1.0,0.99,0.5,0.22,0.54,0.63,0.28,0.9,Cloud Engineer
0.85,0.08,0.39,0.09,0.21,1.0,0.31,0.14,0.29,0.23,0.5,0.0,0.75,0.84,1.0,Frontend Developer
0.88,0.13,0.28,0.0,0.46,0.14,0.55,0.71,0.88,0.54,0.07,1.0,0.71,0.47,0.9,DevOps Engineer
0.91,0.0,0.4,0.3,0.89,0.05,1.0,0.51,0.44,0.48,0.06,0.38,0.79,0.57,0.82,Backend Developer
0.96,0.17,0.41,0.32,0.83,1.0,0.51,0.33,0.27,0.15,0.54,0.26,0.73,0.92,0.9,Web Developer
0.72,0.33,0.22,0.0,0.64,0.71,0.76,0.53,0.11,0.17,0.5,0.31,0.7,0.81,0.78,Web Developer
1.0,0.3,0.08,0.16,0.84,0.77,1.0,0.53,0.6,0.61,0.43,0.45,0.88,0.64,0.96,Full Stack Developer
0.75,0.74,0.78,0.28,0.93,0.18,0.12,0.2,0.2,0.39,0.16,0.25,0.93,0.46,0.96,Data Analyst
0.82,0.62,0.7,0.93,0.59,0.24,0.78,0.33,0.66,0.11,0.26,0.6,0.71,0.97,1.0,AI Engineer
0.26,0.32,0.08,0.07,0.21,0.36,0.15,0.01,0.13,0.08,0.93,0.14,0.82,0.85,0.74,UI UX Designer
0.59,0.29,0.4,0.32,0.29,0.39,0.22,0.85,0.52,1.0,0.1,0.43,0.6,0.3,0.91,Cybersecurity Analyst
1.0,0.13,0.46,0.14,0.67,0.67,0.63,0.35,0.02,0.26,0.46,0.36,0.55,1.0,0.65,Web Developer
0.31,0.24,0.29,0.1,0.0,0.36,0.23,0.03,0.11,0.11,0.99,0.22,0.84,0.87,0.52,UI UX Designer
1.0,0.86,0.98,0.76,0.84,0.15,0.31,0.34,0.47,0.0,0.17,0.05,0.7,0.66,0.95,Data Scientist
0.75,0.11,0.09,0.15,0.51,0.11,0.67,0.6,1.0,0.76,0.0,0.92,0.5,0.27,0.89,Cloud Engineer
0.99,0.6,0.69,0.82,0.85,0.07,0.67,0.16,0.67,0.03,0.0,0.28,0.43,0.78,0.87,AI Engineer
0.78,0.76,0.7,0.47,0.84,0.08,0.15,0.24,0.13,0.1,0.26,0.08,0.75,0.44,0.62,Data Analyst
0.7,0.21,0.2,0.2,0.2,1.0,0.18,0.0,0.09,0.0,0.72,0.16,0.74,1.0,0.71,Frontend Developer
0.1,0.4,0.07,0.06,0.2,0.27,0.24,0.0,0.17,0.1,1.0,0.22,0.78,1.0,0.86,UI UX Designer
0.54,1.0,0.64,0.3,0.98,0.0,0.3,0.02,0.35,0.2,0.26,0.01,0.82,0.64,0.56,Data Analyst
